{
	"format_version": "1.8.0",
	"animations": {
		"idle": {
			"loop": true,
			"bones": {
				"flare": {
					"rotation": {
						"vector": [0, 0, 0]
					},
					"position": {
						"vector": [5, -2, -1]
					}
				},
				"right": {
					"rotation": {
						"vector": [81.73489, -24.77164, 3.48303]
					},
					"position": {
						"vector": [5, 0, 8]
					}
				},
				"left": {
					"rotation": {
						"vector": [90.09219, 26.87203, 21.07812]
					},
					"position": {
						"vector": [5, -1, 2]
					}
				},
				"bone2": {
					"position": {
						"vector": [0, 0, 1]
					}
				},
				"handflare": {
					"position": {
						"vector": [0, 0, 3]
					}
				},
				"bone": {
					"position": {
						"vector": [0, 0, 1]
					}
				}
			}
		},
		"reload": {
			"animation_length": 2.3333,
			"bones": {
				"flare": {
					"rotation": {
						"0.0": {
							"vector": [0, 0, 0]
						},
						"0.125": {
							"vector": [-7.5, -22.5, 0]
						},
						"2.1667": {
							"vector": [-7.5, -22.5, 0]
						},
						"2.2917": {
							"vector": [0, 0, 0]
						}
					},
					"position": {
						"0.0": {
							"vector": [5, -2, -1]
						},
						"0.125": {
							"vector": [5, -2, -2]
						},
						"2.1667": {
							"vector": [5, -2, -2]
						},
						"2.2917": {
							"vector": [5, -2, -1]
						}
					}
				},
				"right": {
					"rotation": {
						"vector": [81.73489, -24.77164, 3.48303]
					},
					"position": {
						"vector": [5, 0, 8]
					}
				},
				"left": {
					"rotation": {
						"0.0": {
							"vector": [90.09219, 26.87203, 21.07812]
						},
						"0.125": {
							"vector": [79.11, 24.72, -3.84]
						},
						"0.4167": {
							"vector": [79.11, 24.72, -3.84]
						},
						"0.5": {
							"vector": [78.61182, 29.6233, -4.92284]
						},
						"0.625": {
							"vector": [78.61182, 29.6233, -4.92284]
						},
						"0.7083": {
							"vector": [111.60798, 24.71735, -3.8373]
						},
						"1.375": {
							"vector": [111.60798, 24.71735, -3.8373]
						},
						"1.5417": {
							"vector": [84.52, 24.72, -3.84]
						},
						"1.6667": {
							"vector": [84.52, 24.72, -3.84]
						},
						"1.7083": {
							"vector": [78.61182, 29.6233, -4.92284]
						},
						"1.9583": {
							"vector": [78.61182, 29.6233, -4.92284]
						},
						"2.0417": {
							"vector": [79.11, 24.72, -3.84]
						},
						"2.1667": {
							"vector": [79.11, 24.72, -3.84]
						},
						"2.2917": {
							"vector": [90.09219, 26.87203, 21.07812]
						}
					},
					"position": {
						"0.0": {
							"vector": [5, -1, 2]
						},
						"0.125": {
							"vector": [8, -1, 9]
						},
						"0.25": {
							"vector": [8, -1, 9]
						},
						"0.4167": {
							"vector": [8, -1, 9]
						},
						"0.5": {
							"vector": [6.5, -1, 8]
						},
						"0.625": {
							"vector": [6.5, -1, 8]
						},
						"1.5417": {
							"vector": [6.5, -1, 8]
						},
						"1.9583": {
							"vector": [6.5, -1, 8]
						},
						"2.0417": {
							"vector": [8, -1, 9]
						},
						"2.1667": {
							"vector": [8, -1, 9]
						},
						"2.2917": {
							"vector": [5, -1, 2]
						}
					}
				},
				"bone2": {
					"position": {
						"0.0": {
							"vector": [0, 0, 1]
						},
						"2.2917": {
							"vector": [0, 0, 1]
						}
					}
				},
				"handflare": {
					"rotation": {
						"0.125": {
							"vector": [0, 0, 0]
						},
						"0.25": {
							"vector": [9.92223, 0.97558, -27.45098]
						},
						"0.625": {
							"vector": [9.92, 0.98, -27.45]
						},
						"1.9583": {
							"vector": [9.92223, 0.97558, -27.45098]
						},
						"2.0417": {
							"vector": [9.92223, 0.97558, -27.45098]
						},
						"2.1667": {
							"vector": [0, 0, 0]
						}
					},
					"position": {
						"0.0": {
							"vector": [0, 0, 3]
						},
						"0.625": {
							"vector": [0, 0, 3]
						},
						"0.6667": {
							"vector": [0.5, -0.5, 3]
						},
						"0.7083": {
							"vector": [0.25, -0.25, 3]
						},
						"1.7083": {
							"vector": [0.25, -0.25, 3]
						},
						"1.7917": {
							"vector": [-0.25, 0.25, 3]
						},
						"1.8333": {
							"vector": [0.25, -0.25, 3]
						},
						"2.1667": {
							"vector": [0.25, -0.25, 3]
						},
						"2.2917": {
							"vector": [0, 0, 3]
						}
					}
				},
				"bone": {
					"position": {
						"0.0": {
							"vector": [0, 0, 1]
						},
						"0.5": {
							"vector": [0, 0, 1]
						},
						"0.625": {
							"vector": [0, 0, 1]
						},
						"0.7083": {
							"vector": [-2, -7, 0]
						},
						"1.25": {
							"vector": [-3, -20, 0]
						},
						"1.375": {
							"vector": [-2, -7, 0]
						},
						"1.5417": {
							"vector": [-0.33, -1.17, 0.83]
						},
						"1.6667": {
							"vector": [-0.33, -1.17, 0.83]
						},
						"1.7083": {
							"vector": [0, 0, 1]
						},
						"2.2917": {
							"vector": [0, 0, 1]
						}
					}
				}
			}
		},
		"reload_empty": {
			"animation_length": 2.3333,
			"bones": {
				"flare": {
					"rotation": {
						"0.0": {
							"vector": [0, 0, 0]
						},
						"0.125": {
							"vector": [-7.5, -22.5, 0]
						},
						"2.1667": {
							"vector": [-7.5, -22.5, 0]
						},
						"2.2917": {
							"vector": [0, 0, 0]
						}
					},
					"position": {
						"0.0": {
							"vector": [5, -2, -1]
						},
						"0.125": {
							"vector": [5, -2, -2]
						},
						"2.1667": {
							"vector": [5, -2, -2]
						},
						"2.2917": {
							"vector": [5, -2, -1]
						}
					}
				},
				"right": {
					"rotation": {
						"vector": [81.73489, -24.77164, 3.48303]
					},
					"position": {
						"vector": [5, 0, 8]
					}
				},
				"left": {
					"rotation": {
						"0.0": {
							"vector": [90.09219, 26.87203, 21.07812]
						},
						"0.125": {
							"vector": [79.11, 24.72, -3.84]
						},
						"0.25": {
							"vector": [79.11, 24.72, -3.84]
						},
						"0.4167": {
							"vector": [111.60798, 24.71735, -3.8373]
						},
						"0.875": {
							"vector": [111.60798, 24.71735, -3.8373]
						},
						"1.375": {
							"vector": [111.60798, 24.71735, -3.8373]
						},
						"1.5417": {
							"vector": [84.52, 24.72, -3.84]
						},
						"1.6667": {
							"vector": [84.52, 24.72, -3.84]
						},
						"1.7083": {
							"vector": [78.61182, 29.6233, -4.92284]
						},
						"1.9583": {
							"vector": [78.61182, 29.6233, -4.92284]
						},
						"2.0417": {
							"vector": [79.11, 24.72, -3.84]
						},
						"2.1667": {
							"vector": [79.11, 24.72, -3.84]
						},
						"2.2917": {
							"vector": [90.09219, 26.87203, 21.07812]
						}
					},
					"position": {
						"0.0": {
							"vector": [5, -1, 2]
						},
						"0.125": {
							"vector": [8, -1, 9]
						},
						"0.4167": {
							"vector": [6.5, -1, 8]
						},
						"1.9583": {
							"vector": [6.5, -1, 8]
						},
						"2.0417": {
							"vector": [8, -1, 9]
						},
						"2.1667": {
							"vector": [8, -1, 9]
						},
						"2.2917": {
							"vector": [5, -1, 2]
						}
					}
				},
				"bone2": {
					"position": {
						"0.0": {
							"vector": [0, 0, 1]
						},
						"2.2917": {
							"vector": [0, 0, 1]
						}
					}
				},
				"handflare": {
					"rotation": {
						"0.125": {
							"vector": [0, 0, 0]
						},
						"0.25": {
							"vector": [9.92, 0.98, -27.45]
						},
						"0.625": {
							"vector": [9.92, 0.98, -27.45]
						},
						"1.9583": {
							"vector": [9.92223, 0.97558, -27.45098]
						},
						"2.0417": {
							"vector": [9.92223, 0.97558, -27.45098]
						},
						"2.1667": {
							"vector": [0, 0, 0]
						}
					},
					"position": {
						"0.0": {
							"vector": [0, 0, 3]
						},
						"0.25": {
							"vector": [0.25, -0.25, 3]
						},
						"1.7083": {
							"vector": [0.25, -0.25, 3]
						},
						"1.7917": {
							"vector": [-0.25, 0.25, 3]
						},
						"1.8333": {
							"vector": [0.25, -0.25, 3]
						},
						"2.1667": {
							"vector": [0.25, -0.25, 3]
						},